task_id,occupation,occupation_de,sector,onet_code,task_text,paraphrase_de,task_source,berufenet_id
MOD_0000,Chief Executive Officer (CEO),Geschäftsführer/in (CEO),management,11-1011.00,"Define the company's vision, mission, and long-term strategy.",Die Unternehmensvision und langfristige Strategie festlegen.,modern_enrichment_v1,MOD_Chief_Executive_Officer_(CEO)
MOD_0001,Chief Executive Officer (CEO),Geschäftsführer/in (CEO),management,11-1011.00,Make final decisions on major business investments and initiatives.,Entscheidungen über größere Investitionen und Initiativen treffen.,modern_enrichment_v1,MOD_Chief_Executive_Officer_(CEO)
MOD_0002,Chief Executive Officer (CEO),Geschäftsführer/in (CEO),management,11-1011.00,"Represent the company to investors, board members, and the public.",Das Unternehmen gegenüber Investoren und der Öffentlichkeit vertreten.,modern_enrichment_v1,MOD_Chief_Executive_Officer_(CEO)
MOD_0003,Chief Executive Officer (CEO),Geschäftsführer/in (CEO),management,11-1011.00,"Hire, develop, and lead the executive management team.","Das Führungsteam aufbauen, entwickeln und leiten.",modern_enrichment_v1,MOD_Chief_Executive_Officer_(CEO)
MOD_0004,Chief Executive Officer (CEO),Geschäftsführer/in (CEO),management,11-1011.00,Negotiate strategic partnerships and key contracts.,Strategische Partnerschaften und Schlüsselverträge verhandeln.,modern_enrichment_v1,MOD_Chief_Executive_Officer_(CEO)
MOD_0005,Chief Executive Officer (CEO),Geschäftsführer/in (CEO),management,11-1011.00,Review financial reports and oversee company performance.,Finanzberichte prüfen und die Unternehmensleistung überwachen.,modern_enrichment_v1,MOD_Chief_Executive_Officer_(CEO)
MOD_0006,Chief Executive Officer (CEO),Geschäftsführer/in (CEO),management,11-1011.00,Ensure compliance with legal and regulatory requirements.,Die Einhaltung gesetzlicher und regulatorischer Vorgaben sicherstellen.,modern_enrichment_v1,MOD_Chief_Executive_Officer_(CEO)
MOD_0007,Chief Executive Officer (CEO),Geschäftsführer/in (CEO),management,11-1011.00,Communicate company strategy and results to employees.,Unternehmensstrategie und Ergebnisse an Mitarbeiter kommunizieren.,modern_enrichment_v1,MOD_Chief_Executive_Officer_(CEO)
MOD_0008,Chief Executive Officer (CEO),Geschäftsführer/in (CEO),management,11-1011.00,Manage relationships with the board of directors.,Die Beziehung zum Aufsichtsrat pflegen und gestalten.,modern_enrichment_v1,MOD_Chief_Executive_Officer_(CEO)
MOD_0009,Chief Executive Officer (CEO),Geschäftsführer/in (CEO),management,11-1011.00,Drive organizational culture and values.,Die Unternehmenskultur und Werte vorantreiben.,modern_enrichment_v1,MOD_Chief_Executive_Officer_(CEO)
MOD_0010,Chief Executive Officer (CEO),Geschäftsführer/in (CEO),management,11-1011.00,Respond to crises and make high-stakes decisions under pressure.,In Krisensituationen Entscheidungen unter Druck treffen.,modern_enrichment_v1,MOD_Chief_Executive_Officer_(CEO)
MOD_0011,Chief Executive Officer (CEO),Geschäftsführer/in (CEO),management,11-1011.00,Identify new market opportunities and growth areas.,Neue Marktchancen und Wachstumsfelder identifizieren.,modern_enrichment_v1,MOD_Chief_Executive_Officer_(CEO)
MOD_0012,Chief Marketing Officer (CMO),Marketingleiter/in (CMO),marketing,11-2021.00,Develop and oversee the company's overall marketing strategy.,Die gesamte Marketingstrategie des Unternehmens entwickeln und steuern.,modern_enrichment_v1,MOD_Chief_Marketing_Officer_(CMO)
MOD_0013,Chief Marketing Officer (CMO),Marketingleiter/in (CMO),marketing,11-2021.00,Manage the marketing budget and allocate resources across channels.,Das Marketingbudget verwalten und Ressourcen auf Kanäle verteilen.,modern_enrichment_v1,MOD_Chief_Marketing_Officer_(CMO)
MOD_0014,Chief Marketing Officer (CMO),Marketingleiter/in (CMO),marketing,11-2021.00,Lead brand positioning and messaging across all markets.,Die Markenpositionierung und Markenkommunikation über alle Märkte führen.,modern_enrichment_v1,MOD_Chief_Marketing_Officer_(CMO)
MOD_0015,Chief Marketing Officer (CMO),Marketingleiter/in (CMO),marketing,11-2021.00,"Analyze market trends, customer insights, and competitive landscape.","Markttrends, Kundenerkenntnisse und Wettbewerbslandschaft analysieren.",modern_enrichment_v1,MOD_Chief_Marketing_Officer_(CMO)
MOD_0016,Chief Marketing Officer (CMO),Marketingleiter/in (CMO),marketing,11-2021.00,"Oversee digital marketing, content, and social media strategies.","Digitales Marketing, Content- und Social-Media-Strategien verantworten.",modern_enrichment_v1,MOD_Chief_Marketing_Officer_(CMO)
MOD_0017,Chief Marketing Officer (CMO),Marketingleiter/in (CMO),marketing,11-2021.00,Build and lead the marketing team across functions.,Das Marketingteam aufbauen und bereichsübergreifend führen.,modern_enrichment_v1,MOD_Chief_Marketing_Officer_(CMO)
MOD_0018,Chief Marketing Officer (CMO),Marketingleiter/in (CMO),marketing,11-2021.00,Present marketing performance and ROI to the executive team.,Marketing-Performance und ROI dem Führungsteam präsentieren.,modern_enrichment_v1,MOD_Chief_Marketing_Officer_(CMO)
MOD_0019,Chief Marketing Officer (CMO),Marketingleiter/in (CMO),marketing,11-2021.00,Coordinate product launches with product and sales teams.,Produkteinführungen mit Produkt- und Vertriebsteams koordinieren.,modern_enrichment_v1,MOD_Chief_Marketing_Officer_(CMO)
MOD_0020,Chief Marketing Officer (CMO),Marketingleiter/in (CMO),marketing,11-2021.00,Develop customer acquisition and retention strategies.,Strategien zur Kundengewinnung und -bindung entwickeln.,modern_enrichment_v1,MOD_Chief_Marketing_Officer_(CMO)
MOD_0021,Chief Marketing Officer (CMO),Marketingleiter/in (CMO),marketing,11-2021.00,"Manage relationships with agencies, media partners, and vendors.","Beziehungen zu Agenturen, Medienpartnern und Dienstleistern pflegen.",modern_enrichment_v1,MOD_Chief_Marketing_Officer_(CMO)
MOD_0022,Chief Marketing Officer (CMO),Marketingleiter/in (CMO),marketing,11-2021.00,Define key performance indicators and track marketing effectiveness.,KPIs definieren und die Wirksamkeit des Marketings messen.,modern_enrichment_v1,MOD_Chief_Marketing_Officer_(CMO)
MOD_0023,Chief Marketing Officer (CMO),Marketingleiter/in (CMO),marketing,11-2021.00,Ensure brand consistency across all touchpoints.,Markenkonsistenz über alle Berührungspunkte sicherstellen.,modern_enrichment_v1,MOD_Chief_Marketing_Officer_(CMO)
MOD_0024,Chief Technology Officer (CTO),Technologieleiter/in (CTO),tech,11-3021.00,Define the company's technology vision and roadmap.,Die Technologievision und Roadmap des Unternehmens definieren.,modern_enrichment_v1,MOD_Chief_Technology_Officer_(CTO)
MOD_0025,Chief Technology Officer (CTO),Technologieleiter/in (CTO),tech,11-3021.00,"Evaluate and select technologies, platforms, and architectures.","Technologien, Plattformen und Architekturen bewerten und auswählen.",modern_enrichment_v1,MOD_Chief_Technology_Officer_(CTO)
MOD_0026,Chief Technology Officer (CTO),Technologieleiter/in (CTO),tech,11-3021.00,Lead the engineering and development teams.,Die Engineering- und Entwicklungsteams leiten.,modern_enrichment_v1,MOD_Chief_Technology_Officer_(CTO)
MOD_0027,Chief Technology Officer (CTO),Technologieleiter/in (CTO),tech,11-3021.00,Oversee software development processes and quality standards.,Softwareentwicklungsprozesse und Qualitätsstandards verantworten.,modern_enrichment_v1,MOD_Chief_Technology_Officer_(CTO)
MOD_0028,Chief Technology Officer (CTO),Technologieleiter/in (CTO),tech,11-3021.00,"Ensure system security, scalability, and reliability.","Systemsicherheit, Skalierbarkeit und Zuverlässigkeit gewährleisten.",modern_enrichment_v1,MOD_Chief_Technology_Officer_(CTO)
MOD_0029,Chief Technology Officer (CTO),Technologieleiter/in (CTO),tech,11-3021.00,Manage the technology budget and vendor relationships.,Das Technologiebudget und Lieferantenbeziehungen steuern.,modern_enrichment_v1,MOD_Chief_Technology_Officer_(CTO)
MOD_0030,Chief Technology Officer (CTO),Technologieleiter/in (CTO),tech,11-3021.00,Drive technical innovation and research initiatives.,Technische Innovationen und Forschungsinitiativen vorantreiben.,modern_enrichment_v1,MOD_Chief_Technology_Officer_(CTO)
MOD_0031,Chief Technology Officer (CTO),Technologieleiter/in (CTO),tech,11-3021.00,Align technology decisions with business strategy.,Technologieentscheidungen mit der Geschäftsstrategie abstimmen.,modern_enrichment_v1,MOD_Chief_Technology_Officer_(CTO)
MOD_0032,Chief Technology Officer (CTO),Technologieleiter/in (CTO),tech,11-3021.00,Recruit and retain top engineering talent.,Spitzenkräfte im Engineering rekrutieren und halten.,modern_enrichment_v1,MOD_Chief_Technology_Officer_(CTO)
MOD_0033,Chief Technology Officer (CTO),Technologieleiter/in (CTO),tech,11-3021.00,Present technical strategies to the board and investors.,Technische Strategien dem Vorstand und Investoren präsentieren.,modern_enrichment_v1,MOD_Chief_Technology_Officer_(CTO)
MOD_0034,Chief Technology Officer (CTO),Technologieleiter/in (CTO),tech,11-3021.00,Oversee data infrastructure and cloud architecture.,Dateninfrastruktur und Cloud-Architektur verantworten.,modern_enrichment_v1,MOD_Chief_Technology_Officer_(CTO)
MOD_0035,Chief Technology Officer (CTO),Technologieleiter/in (CTO),tech,11-3021.00,Manage technical debt and system modernization.,Technische Schulden und Systemmodernisierung steuern.,modern_enrichment_v1,MOD_Chief_Technology_Officer_(CTO)
MOD_0036,Chief Financial Officer (CFO),Finanzvorstand (CFO),finance,11-3031.00,"Oversee financial planning, budgeting, and forecasting.","Finanzplanung, Budgetierung und Prognosen verantworten.",modern_enrichment_v1,MOD_Chief_Financial_Officer_(CFO)
MOD_0037,Chief Financial Officer (CFO),Finanzvorstand (CFO),finance,11-3031.00,Prepare and present financial reports to the board and investors.,Finanzberichte für Vorstand und Investoren erstellen und vorstellen.,modern_enrichment_v1,MOD_Chief_Financial_Officer_(CFO)
MOD_0038,Chief Financial Officer (CFO),Finanzvorstand (CFO),finance,11-3031.00,"Manage cash flow, capital structure, and funding strategies.","Cashflow, Kapitalstruktur und Finanzierungsstrategien steuern.",modern_enrichment_v1,MOD_Chief_Financial_Officer_(CFO)
MOD_0039,Chief Financial Officer (CFO),Finanzvorstand (CFO),finance,11-3031.00,Ensure compliance with tax regulations and accounting standards.,Die Einhaltung steuerlicher Vorschriften und Bilanzstandards sicherstellen.,modern_enrichment_v1,MOD_Chief_Financial_Officer_(CFO)
MOD_0040,Chief Financial Officer (CFO),Finanzvorstand (CFO),finance,11-3031.00,Lead financial risk management and internal controls.,Finanzrisikomanagement und interne Kontrollen leiten.,modern_enrichment_v1,MOD_Chief_Financial_Officer_(CFO)
MOD_0041,Chief Financial Officer (CFO),Finanzvorstand (CFO),finance,11-3031.00,Negotiate financing agreements with banks and investors.,Finanzierungsvereinbarungen mit Banken und Investoren verhandeln.,modern_enrichment_v1,MOD_Chief_Financial_Officer_(CFO)
MOD_0042,Chief Financial Officer (CFO),Finanzvorstand (CFO),finance,11-3031.00,"Oversee accounts payable, receivable, and payroll operations.","Debitoren, Kreditoren und Lohnbuchhaltung überwachen.",modern_enrichment_v1,MOD_Chief_Financial_Officer_(CFO)
MOD_0043,Chief Financial Officer (CFO),Finanzvorstand (CFO),finance,11-3031.00,Develop pricing strategies and profitability analyses.,Preisstrategien und Rentabilitätsanalysen entwickeln.,modern_enrichment_v1,MOD_Chief_Financial_Officer_(CFO)
MOD_0044,Chief Financial Officer (CFO),Finanzvorstand (CFO),finance,11-3031.00,Manage the finance and accounting team.,Das Finanz- und Buchhaltungsteam leiten.,modern_enrichment_v1,MOD_Chief_Financial_Officer_(CFO)
MOD_0045,Chief Financial Officer (CFO),Finanzvorstand (CFO),finance,11-3031.00,Support M&A due diligence and deal structuring.,Due Diligence und Transaktionsstrukturierung bei M&A unterstützen.,modern_enrichment_v1,MOD_Chief_Financial_Officer_(CFO)
MOD_0046,Chief Financial Officer (CFO),Finanzvorstand (CFO),finance,11-3031.00,Implement financial systems and reporting tools.,Finanzsysteme und Reporting-Tools einführen.,modern_enrichment_v1,MOD_Chief_Financial_Officer_(CFO)
MOD_0047,Chief Financial Officer (CFO),Finanzvorstand (CFO),finance,11-3031.00,Advise the CEO and board on financial implications of business decisions.,CEO und Vorstand zu finanziellen Auswirkungen von Geschäftsentscheidungen beraten.,modern_enrichment_v1,MOD_Chief_Financial_Officer_(CFO)
MOD_0048,Product Manager,Produktmanager/in,tech,11-2021.00,"Define the product vision, strategy, and roadmap.","Die Produktvision, Strategie und Roadmap festlegen.",modern_enrichment_v1,MOD_Product_Manager
MOD_0049,Product Manager,Produktmanager/in,tech,11-2021.00,Gather and prioritize user requirements and feedback.,Nutzeranforderungen und Feedback sammeln und priorisieren.,modern_enrichment_v1,MOD_Product_Manager
MOD_0050,Product Manager,Produktmanager/in,tech,11-2021.00,Write product specifications and user stories.,Produktspezifikationen und User Stories schreiben.,modern_enrichment_v1,MOD_Product_Manager
MOD_0051,Product Manager,Produktmanager/in,tech,11-2021.00,"Coordinate with engineering, design, and marketing teams.","Mit Engineering-, Design- und Marketingteams abstimmen.",modern_enrichment_v1,MOD_Product_Manager
MOD_0052,Product Manager,Produktmanager/in,tech,11-2021.00,Analyze product metrics and user behavior data.,Produktkennzahlen und Nutzerverhalten analysieren.,modern_enrichment_v1,MOD_Product_Manager
MOD_0053,Product Manager,Produktmanager/in,tech,11-2021.00,Conduct competitive analysis and market research.,Wettbewerbsanalysen und Marktforschung durchführen.,modern_enrichment_v1,MOD_Product_Manager
MOD_0054,Product Manager,Produktmanager/in,tech,11-2021.00,Prioritize features based on business value and user impact.,Features nach Geschäftswert und Nutzernutzen priorisieren.,modern_enrichment_v1,MOD_Product_Manager
MOD_0055,Product Manager,Produktmanager/in,tech,11-2021.00,Present product plans and progress to stakeholders.,Produktpläne und Fortschritte den Stakeholdern präsentieren.,modern_enrichment_v1,MOD_Product_Manager
MOD_0056,Product Manager,Produktmanager/in,tech,11-2021.00,Manage the product backlog and sprint planning.,Das Product Backlog und die Sprintplanung verwalten.,modern_enrichment_v1,MOD_Product_Manager
MOD_0057,Product Manager,Produktmanager/in,tech,11-2021.00,Define success metrics and track product performance.,Erfolgskennzahlen definieren und Produktleistung messen.,modern_enrichment_v1,MOD_Product_Manager
MOD_0058,Product Manager,Produktmanager/in,tech,11-2021.00,Facilitate user testing and feedback sessions.,Nutzertests und Feedback-Sitzungen durchführen.,modern_enrichment_v1,MOD_Product_Manager
MOD_0059,Product Manager,Produktmanager/in,tech,11-2021.00,"Make trade-off decisions between scope, timeline, and quality.","Abwägungen zwischen Umfang, Zeitplan und Qualität treffen.",modern_enrichment_v1,MOD_Product_Manager
MOD_0060,Product Owner,Product Owner,tech,,Manage and prioritize the product backlog.,Das Product Backlog verwalten und priorisieren.,modern_enrichment_v1,MOD_Product_Owner
MOD_0061,Product Owner,Product Owner,tech,,Write and refine user stories with acceptance criteria.,User Stories mit Akzeptanzkriterien schreiben und verfeinern.,modern_enrichment_v1,MOD_Product_Owner
MOD_0062,Product Owner,Product Owner,tech,,Represent user needs in sprint planning and reviews.,Nutzerbedürfnisse in der Sprintplanung und Reviews vertreten.,modern_enrichment_v1,MOD_Product_Owner
MOD_0063,Product Owner,Product Owner,tech,,Accept or reject completed work based on requirements.,Abgeschlossene Arbeit auf Basis der Anforderungen abnehmen.,modern_enrichment_v1,MOD_Product_Owner
MOD_0064,Product Owner,Product Owner,tech,,Collaborate with the development team on implementation details.,Mit dem Entwicklungsteam an Umsetzungsdetails zusammenarbeiten.,modern_enrichment_v1,MOD_Product_Owner
MOD_0065,Product Owner,Product Owner,tech,,Clarify requirements and answer team questions during sprints.,Anforderungen klären und Teamfragen während des Sprints beantworten.,modern_enrichment_v1,MOD_Product_Owner
MOD_0066,Product Owner,Product Owner,tech,,Align backlog priorities with business goals.,Backlog-Prioritäten mit Unternehmenszielen abstimmen.,modern_enrichment_v1,MOD_Product_Owner
MOD_0067,Product Owner,Product Owner,tech,,Facilitate backlog grooming sessions.,Backlog-Grooming-Sitzungen moderieren.,modern_enrichment_v1,MOD_Product_Owner
MOD_0068,Product Owner,Product Owner,tech,,Track sprint velocity and team capacity.,Sprint-Velocity und Teamkapazität verfolgen.,modern_enrichment_v1,MOD_Product_Owner
MOD_0069,Product Owner,Product Owner,tech,,Communicate product progress to stakeholders.,Produktfortschritt an Stakeholder kommunizieren.,modern_enrichment_v1,MOD_Product_Owner
MOD_0070,UI/UX Designer,UI/UX-Designer/in,tech,27-1024.00,Design user interfaces for web and mobile applications.,Benutzeroberflächen für Web- und Mobile-Anwendungen gestalten.,modern_enrichment_v1,MOD_UI_UX_Designer
MOD_0071,UI/UX Designer,UI/UX-Designer/in,tech,27-1024.00,"Create wireframes, prototypes, and high-fidelity mockups.","Wireframes, Prototypen und hochwertige Mockups erstellen.",modern_enrichment_v1,MOD_UI_UX_Designer
MOD_0072,UI/UX Designer,UI/UX-Designer/in,tech,27-1024.00,Conduct user research and usability testing.,Nutzerforschung und Usability-Tests durchführen.,modern_enrichment_v1,MOD_UI_UX_Designer
MOD_0073,UI/UX Designer,UI/UX-Designer/in,tech,27-1024.00,Build and maintain design systems and component libraries.,Design-Systeme und Komponentenbibliotheken aufbauen und pflegen.,modern_enrichment_v1,MOD_UI_UX_Designer
MOD_0074,UI/UX Designer,UI/UX-Designer/in,tech,27-1024.00,Collaborate with developers on implementation of designs.,Mit Entwicklern an der Umsetzung der Designs zusammenarbeiten.,modern_enrichment_v1,MOD_UI_UX_Designer
MOD_0075,UI/UX Designer,UI/UX-Designer/in,tech,27-1024.00,Analyze user flows and identify usability issues.,Nutzerflüsse analysieren und Usability-Probleme identifizieren.,modern_enrichment_v1,MOD_UI_UX_Designer
MOD_0076,UI/UX Designer,UI/UX-Designer/in,tech,27-1024.00,Create information architecture and navigation structures.,Informationsarchitektur und Navigationsstrukturen erstellen.,modern_enrichment_v1,MOD_UI_UX_Designer
MOD_0077,UI/UX Designer,UI/UX-Designer/in,tech,27-1024.00,Present design concepts to stakeholders and gather feedback.,Designkonzepte den Stakeholdern vorstellen und Feedback einholen.,modern_enrichment_v1,MOD_UI_UX_Designer
MOD_0078,UI/UX Designer,UI/UX-Designer/in,tech,27-1024.00,Ensure designs meet accessibility standards.,"Sicherstellen, dass Designs Barrierefreiheitsstandards erfüllen.",modern_enrichment_v1,MOD_UI_UX_Designer
MOD_0079,UI/UX Designer,UI/UX-Designer/in,tech,27-1024.00,Translate business requirements into intuitive user experiences.,Geschäftsanforderungen in intuitive Nutzererlebnisse übersetzen.,modern_enrichment_v1,MOD_UI_UX_Designer
MOD_0080,UI/UX Designer,UI/UX-Designer/in,tech,27-1024.00,Create interactive prototypes for user validation.,Interaktive Prototypen zur Nutzervalidierung erstellen.,modern_enrichment_v1,MOD_UI_UX_Designer
MOD_0081,Machine Learning Engineer,Machine-Learning-Ingenieur/in,tech,15-2051.00,"Design, train, and optimize machine learning models.","Machine-Learning-Modelle entwerfen, trainieren und optimieren.",modern_enrichment_v1,MOD_Machine_Learning_Engineer
MOD_0082,Machine Learning Engineer,Machine-Learning-Ingenieur/in,tech,15-2051.00,Prepare and clean datasets for model training.,Datensätze für das Modelltraining aufbereiten und bereinigen.,modern_enrichment_v1,MOD_Machine_Learning_Engineer
MOD_0083,Machine Learning Engineer,Machine-Learning-Ingenieur/in,tech,15-2051.00,Deploy ML models to production environments.,ML-Modelle in Produktionsumgebungen bereitstellen.,modern_enrichment_v1,MOD_Machine_Learning_Engineer
MOD_0084,Machine Learning Engineer,Machine-Learning-Ingenieur/in,tech,15-2051.00,Monitor model performance and retrain when needed.,Modellleistung überwachen und bei Bedarf nachtrainieren.,modern_enrichment_v1,MOD_Machine_Learning_Engineer
MOD_0085,Machine Learning Engineer,Machine-Learning-Ingenieur/in,tech,15-2051.00,Select appropriate algorithms for specific business problems.,Geeignete Algorithmen für konkrete Geschäftsprobleme auswählen.,modern_enrichment_v1,MOD_Machine_Learning_Engineer
MOD_0086,Machine Learning Engineer,Machine-Learning-Ingenieur/in,tech,15-2051.00,Build data pipelines for feature engineering.,Datenpipelines für Feature Engineering aufbauen.,modern_enrichment_v1,MOD_Machine_Learning_Engineer
MOD_0087,Machine Learning Engineer,Machine-Learning-Ingenieur/in,tech,15-2051.00,"Evaluate models using accuracy, precision, and recall metrics.","Modelle anhand von Genauigkeit, Präzision und Recall bewerten.",modern_enrichment_v1,MOD_Machine_Learning_Engineer
MOD_0088,Machine Learning Engineer,Machine-Learning-Ingenieur/in,tech,15-2051.00,Collaborate with data scientists on research and experimentation.,Mit Data Scientists an Forschung und Experimenten zusammenarbeiten.,modern_enrichment_v1,MOD_Machine_Learning_Engineer
MOD_0089,Machine Learning Engineer,Machine-Learning-Ingenieur/in,tech,15-2051.00,Optimize model inference speed and resource usage.,Modell-Inferenzgeschwindigkeit und Ressourcenverbrauch optimieren.,modern_enrichment_v1,MOD_Machine_Learning_Engineer
MOD_0090,Machine Learning Engineer,Machine-Learning-Ingenieur/in,tech,15-2051.00,"Document model architecture, training data, and performance.","Modellarchitektur, Trainingsdaten und Leistung dokumentieren.",modern_enrichment_v1,MOD_Machine_Learning_Engineer
MOD_0091,Machine Learning Engineer,Machine-Learning-Ingenieur/in,tech,15-2051.00,Implement A/B testing frameworks for model comparison.,A/B-Test-Frameworks für den Modellvergleich implementieren.,modern_enrichment_v1,MOD_Machine_Learning_Engineer
MOD_0092,Machine Learning Engineer,Machine-Learning-Ingenieur/in,tech,15-2051.00,Stay current with advances in ML research and tools.,Aktuelle Fortschritte in ML-Forschung und Tools verfolgen.,modern_enrichment_v1,MOD_Machine_Learning_Engineer
MOD_0093,Frontend Developer,Frontend-Entwickler/in,tech,15-1254.00,"Build responsive user interfaces using HTML, CSS, and JavaScript.","Responsive Benutzeroberflächen mit HTML, CSS und JavaScript entwickeln.",modern_enrichment_v1,MOD_Frontend_Developer
MOD_0094,Frontend Developer,Frontend-Entwickler/in,tech,15-1254.00,Implement UI components based on design specifications.,UI-Komponenten auf Basis von Designvorgaben umsetzen.,modern_enrichment_v1,MOD_Frontend_Developer
MOD_0095,Frontend Developer,Frontend-Entwickler/in,tech,15-1254.00,Optimize web applications for performance and loading speed.,Webanwendungen für Leistung und Ladegeschwindigkeit optimieren.,modern_enrichment_v1,MOD_Frontend_Developer
MOD_0096,Frontend Developer,Frontend-Entwickler/in,tech,15-1254.00,Write and maintain unit and integration tests.,Unit- und Integrationstests schreiben und pflegen.,modern_enrichment_v1,MOD_Frontend_Developer
MOD_0097,Frontend Developer,Frontend-Entwickler/in,tech,15-1254.00,Collaborate with designers to translate mockups into code.,"Mit Designern zusammenarbeiten, um Mockups in Code umzusetzen.",modern_enrichment_v1,MOD_Frontend_Developer
MOD_0098,Frontend Developer,Frontend-Entwickler/in,tech,15-1254.00,Ensure cross-browser and cross-device compatibility.,Browser- und geräteübergreifende Kompatibilität sicherstellen.,modern_enrichment_v1,MOD_Frontend_Developer
MOD_0099,Frontend Developer,Frontend-Entwickler/in,tech,15-1254.00,Integrate frontend applications with backend APIs.,Frontend-Anwendungen mit Backend-APIs integrieren.,modern_enrichment_v1,MOD_Frontend_Developer
MOD_0100,Frontend Developer,Frontend-Entwickler/in,tech,15-1254.00,Manage state and data flow in complex web applications.,State und Datenfluss in komplexen Webanwendungen verwalten.,modern_enrichment_v1,MOD_Frontend_Developer
MOD_0101,Frontend Developer,Frontend-Entwickler/in,tech,15-1254.00,Review code from other developers and provide feedback.,Code anderer Entwickler prüfen und Feedback geben.,modern_enrichment_v1,MOD_Frontend_Developer
MOD_0102,Frontend Developer,Frontend-Entwickler/in,tech,15-1254.00,Debug and fix frontend issues reported by users.,Von Nutzern gemeldete Frontend-Probleme debuggen und beheben.,modern_enrichment_v1,MOD_Frontend_Developer
MOD_0103,Frontend Developer,Frontend-Entwickler/in,tech,15-1254.00,Implement accessibility features and standards.,Barrierefreiheitsfunktionen und -standards umsetzen.,modern_enrichment_v1,MOD_Frontend_Developer
MOD_0104,Backend Developer,Backend-Entwickler/in,tech,15-1254.00,Design and implement server-side application logic.,Serverseitige Anwendungslogik entwerfen und implementieren.,modern_enrichment_v1,MOD_Backend_Developer
MOD_0105,Backend Developer,Backend-Entwickler/in,tech,15-1254.00,Build and maintain RESTful APIs and microservices.,RESTful APIs und Microservices entwickeln und pflegen.,modern_enrichment_v1,MOD_Backend_Developer
MOD_0106,Backend Developer,Backend-Entwickler/in,tech,15-1254.00,Design and optimize database schemas and queries.,Datenbankschemas und Abfragen entwerfen und optimieren.,modern_enrichment_v1,MOD_Backend_Developer
MOD_0107,Backend Developer,Backend-Entwickler/in,tech,15-1254.00,"Implement authentication, authorization, and security measures.","Authentifizierung, Autorisierung und Sicherheitsmaßnahmen umsetzen.",modern_enrichment_v1,MOD_Backend_Developer
MOD_0108,Backend Developer,Backend-Entwickler/in,tech,15-1254.00,Write automated tests and ensure code quality.,Automatisierte Tests schreiben und Codequalität sicherstellen.,modern_enrichment_v1,MOD_Backend_Developer
MOD_0109,Backend Developer,Backend-Entwickler/in,tech,15-1254.00,Deploy applications and manage server infrastructure.,Anwendungen bereitstellen und Serverinfrastruktur verwalten.,modern_enrichment_v1,MOD_Backend_Developer
MOD_0110,Backend Developer,Backend-Entwickler/in,tech,15-1254.00,Monitor application performance and resolve bottlenecks.,Anwendungsleistung überwachen und Engpässe beheben.,modern_enrichment_v1,MOD_Backend_Developer
MOD_0111,Backend Developer,Backend-Entwickler/in,tech,15-1254.00,Collaborate with frontend developers on API contracts.,Mit Frontend-Entwicklern an API-Schnittstellen zusammenarbeiten.,modern_enrichment_v1,MOD_Backend_Developer
MOD_0112,Backend Developer,Backend-Entwickler/in,tech,15-1254.00,Document APIs and system architecture.,APIs und Systemarchitektur dokumentieren.,modern_enrichment_v1,MOD_Backend_Developer
MOD_0113,Backend Developer,Backend-Entwickler/in,tech,15-1254.00,Handle data migration and system integration tasks.,Datenmigration und Systemintegrationsaufgaben durchführen.,modern_enrichment_v1,MOD_Backend_Developer
MOD_0114,Backend Developer,Backend-Entwickler/in,tech,15-1254.00,Review pull requests and mentor junior developers.,Pull Requests prüfen und Junior-Entwickler anleiten.,modern_enrichment_v1,MOD_Backend_Developer
MOD_0115,DevOps Engineer,DevOps-Ingenieur/in,tech,15-1244.00,Build and maintain CI/CD pipelines for automated deployment.,CI/CD-Pipelines für automatisiertes Deployment aufbauen und pflegen.,modern_enrichment_v1,MOD_DevOps_Engineer
MOD_0116,DevOps Engineer,DevOps-Ingenieur/in,tech,15-1244.00,Manage cloud infrastructure using Infrastructure as Code.,Cloud-Infrastruktur mit Infrastructure as Code verwalten.,modern_enrichment_v1,MOD_DevOps_Engineer
MOD_0117,DevOps Engineer,DevOps-Ingenieur/in,tech,15-1244.00,"Monitor system health, uptime, and performance metrics.","Systemgesundheit, Verfügbarkeit und Leistungskennzahlen überwachen.",modern_enrichment_v1,MOD_DevOps_Engineer
MOD_0118,DevOps Engineer,DevOps-Ingenieur/in,tech,15-1244.00,Implement containerization and orchestration solutions.,Container- und Orchestrierungslösungen implementieren.,modern_enrichment_v1,MOD_DevOps_Engineer
MOD_0119,DevOps Engineer,DevOps-Ingenieur/in,tech,15-1244.00,Automate repetitive operational tasks with scripts.,Wiederkehrende operative Aufgaben mit Skripten automatisieren.,modern_enrichment_v1,MOD_DevOps_Engineer
MOD_0120,DevOps Engineer,DevOps-Ingenieur/in,tech,15-1244.00,Manage security configurations and access controls.,Sicherheitskonfigurationen und Zugangskontrollen verwalten.,modern_enrichment_v1,MOD_DevOps_Engineer
MOD_0121,DevOps Engineer,DevOps-Ingenieur/in,tech,15-1244.00,Respond to system incidents and perform root cause analysis.,Auf Systemvorfälle reagieren und Ursachenanalysen durchführen.,modern_enrichment_v1,MOD_DevOps_Engineer
MOD_0122,DevOps Engineer,DevOps-Ingenieur/in,tech,15-1244.00,Optimize infrastructure costs and resource allocation.,Infrastrukturkosten und Ressourcenzuweisung optimieren.,modern_enrichment_v1,MOD_DevOps_Engineer
MOD_0123,DevOps Engineer,DevOps-Ingenieur/in,tech,15-1244.00,Collaborate with development teams on deployment workflows.,Mit Entwicklungsteams an Deployment-Workflows zusammenarbeiten.,modern_enrichment_v1,MOD_DevOps_Engineer
MOD_0124,DevOps Engineer,DevOps-Ingenieur/in,tech,15-1244.00,"Implement logging, alerting, and observability systems.","Logging-, Alerting- und Observability-Systeme einrichten.",modern_enrichment_v1,MOD_DevOps_Engineer
MOD_0125,DevOps Engineer,DevOps-Ingenieur/in,tech,15-1244.00,Plan and execute disaster recovery procedures.,Disaster-Recovery-Verfahren planen und durchführen.,modern_enrichment_v1,MOD_DevOps_Engineer
MOD_0126,Mobile Developer,Mobile-Entwickler/in,tech,15-1254.00,Develop native or cross-platform mobile applications.,Native oder plattformübergreifende mobile Anwendungen entwickeln.,modern_enrichment_v1,MOD_Mobile_Developer
MOD_0127,Mobile Developer,Mobile-Entwickler/in,tech,15-1254.00,Implement UI designs for iOS and Android platforms.,UI-Designs für iOS und Android umsetzen.,modern_enrichment_v1,MOD_Mobile_Developer
MOD_0128,Mobile Developer,Mobile-Entwickler/in,tech,15-1254.00,Integrate mobile apps with backend services and APIs.,Mobile Apps mit Backend-Diensten und APIs integrieren.,modern_enrichment_v1,MOD_Mobile_Developer
MOD_0129,Mobile Developer,Mobile-Entwickler/in,tech,15-1254.00,"Optimize app performance, battery usage, and memory.","App-Leistung, Akkuverbrauch und Speichernutzung optimieren.",modern_enrichment_v1,MOD_Mobile_Developer
MOD_0130,Mobile Developer,Mobile-Entwickler/in,tech,15-1254.00,Publish and manage apps in app stores.,Apps in App Stores veröffentlichen und verwalten.,modern_enrichment_v1,MOD_Mobile_Developer
MOD_0131,Mobile Developer,Mobile-Entwickler/in,tech,15-1254.00,Write unit and UI tests for mobile applications.,Unit- und UI-Tests für mobile Anwendungen schreiben.,modern_enrichment_v1,MOD_Mobile_Developer
MOD_0132,Mobile Developer,Mobile-Entwickler/in,tech,15-1254.00,Implement push notifications and offline functionality.,Push-Benachrichtigungen und Offline-Funktionalität umsetzen.,modern_enrichment_v1,MOD_Mobile_Developer
MOD_0133,Mobile Developer,Mobile-Entwickler/in,tech,15-1254.00,Debug device-specific issues and crashes.,Gerätespezifische Probleme und Abstürze debuggen.,modern_enrichment_v1,MOD_Mobile_Developer
MOD_0134,Mobile Developer,Mobile-Entwickler/in,tech,15-1254.00,Ensure compliance with platform guidelines.,Die Einhaltung der Plattformrichtlinien sicherstellen.,modern_enrichment_v1,MOD_Mobile_Developer
MOD_0135,Mobile Developer,Mobile-Entwickler/in,tech,15-1254.00,Collaborate with designers on mobile-specific interactions.,Mit Designern an mobilspezifischen Interaktionen zusammenarbeiten.,modern_enrichment_v1,MOD_Mobile_Developer
MOD_0136,Site Reliability Engineer,Site-Reliability-Ingenieur/in,tech,15-1244.00,Define and monitor service level objectives and error budgets.,Service-Level-Ziele und Fehlerbudgets definieren und überwachen.,modern_enrichment_v1,MOD_Site_Reliability_Engineer
MOD_0137,Site Reliability Engineer,Site-Reliability-Ingenieur/in,tech,15-1244.00,Respond to production incidents and lead post-mortems.,Auf Produktionsvorfälle reagieren und Post-Mortems leiten.,modern_enrichment_v1,MOD_Site_Reliability_Engineer
MOD_0138,Site Reliability Engineer,Site-Reliability-Ingenieur/in,tech,15-1244.00,Build automation to reduce manual operational work.,"Automatisierung aufbauen, um manuelle Betriebsarbeit zu reduzieren.",modern_enrichment_v1,MOD_Site_Reliability_Engineer
MOD_0139,Site Reliability Engineer,Site-Reliability-Ingenieur/in,tech,15-1244.00,Design systems for high availability and fault tolerance.,Systeme für Hochverfügbarkeit und Fehlertoleranz entwerfen.,modern_enrichment_v1,MOD_Site_Reliability_Engineer
MOD_0140,Site Reliability Engineer,Site-Reliability-Ingenieur/in,tech,15-1244.00,Manage on-call rotations and escalation procedures.,Bereitschaftsdienste und Eskalationsverfahren verwalten.,modern_enrichment_v1,MOD_Site_Reliability_Engineer
MOD_0141,Site Reliability Engineer,Site-Reliability-Ingenieur/in,tech,15-1244.00,Collaborate with development teams on reliability requirements.,Mit Entwicklungsteams an Zuverlässigkeitsanforderungen zusammenarbeiten.,modern_enrichment_v1,MOD_Site_Reliability_Engineer
MOD_0142,Site Reliability Engineer,Site-Reliability-Ingenieur/in,tech,15-1244.00,Implement capacity planning and performance testing.,Kapazitätsplanung und Leistungstests durchführen.,modern_enrichment_v1,MOD_Site_Reliability_Engineer
MOD_0143,Site Reliability Engineer,Site-Reliability-Ingenieur/in,tech,15-1244.00,Optimize system architecture for scalability.,Systemarchitektur für Skalierbarkeit optimieren.,modern_enrichment_v1,MOD_Site_Reliability_Engineer
MOD_0144,Site Reliability Engineer,Site-Reliability-Ingenieur/in,tech,15-1244.00,Document runbooks and operational procedures.,Runbooks und Betriebsverfahren dokumentieren.,modern_enrichment_v1,MOD_Site_Reliability_Engineer
MOD_0145,Site Reliability Engineer,Site-Reliability-Ingenieur/in,tech,15-1244.00,Evaluate and adopt new tools for observability.,Neue Tools für Observability bewerten und einführen.,modern_enrichment_v1,MOD_Site_Reliability_Engineer
MOD_0146,Full Stack Developer,Full-Stack-Entwickler/in,tech,15-1254.00,Develop both frontend and backend components of web applications.,Frontend- und Backend-Komponenten von Webanwendungen entwickeln.,modern_enrichment_v1,MOD_Full_Stack_Developer
MOD_0147,Full Stack Developer,Full-Stack-Entwickler/in,tech,15-1254.00,Design database schemas and implement data models.,Datenbankschemas entwerfen und Datenmodelle implementieren.,modern_enrichment_v1,MOD_Full_Stack_Developer
MOD_0148,Full Stack Developer,Full-Stack-Entwickler/in,tech,15-1254.00,Build and consume RESTful APIs.,RESTful APIs entwickeln und nutzen.,modern_enrichment_v1,MOD_Full_Stack_Developer
MOD_0149,Full Stack Developer,Full-Stack-Entwickler/in,tech,15-1254.00,Implement responsive user interfaces from design mockups.,Responsive Benutzeroberflächen aus Designvorlagen umsetzen.,modern_enrichment_v1,MOD_Full_Stack_Developer
MOD_0150,Full Stack Developer,Full-Stack-Entwickler/in,tech,15-1254.00,Write automated tests across the full application stack.,Automatisierte Tests über den gesamten Anwendungsstack schreiben.,modern_enrichment_v1,MOD_Full_Stack_Developer
MOD_0151,Full Stack Developer,Full-Stack-Entwickler/in,tech,15-1254.00,Deploy and maintain applications in cloud environments.,Anwendungen in Cloud-Umgebungen bereitstellen und pflegen.,modern_enrichment_v1,MOD_Full_Stack_Developer
MOD_0152,Full Stack Developer,Full-Stack-Entwickler/in,tech,15-1254.00,"Troubleshoot issues across frontend, backend, and infrastructure.","Probleme über Frontend, Backend und Infrastruktur hinweg beheben.",modern_enrichment_v1,MOD_Full_Stack_Developer
MOD_0153,Full Stack Developer,Full-Stack-Entwickler/in,tech,15-1254.00,Participate in code reviews and architectural decisions.,An Code-Reviews und Architekturentscheidungen mitwirken.,modern_enrichment_v1,MOD_Full_Stack_Developer
MOD_0154,Full Stack Developer,Full-Stack-Entwickler/in,tech,15-1254.00,Integrate third-party services and APIs.,Drittanbieter-Dienste und APIs integrieren.,modern_enrichment_v1,MOD_Full_Stack_Developer
MOD_0155,Full Stack Developer,Full-Stack-Entwickler/in,tech,15-1254.00,Optimize application performance end-to-end.,Anwendungsleistung end-to-end optimieren.,modern_enrichment_v1,MOD_Full_Stack_Developer
MOD_0156,AI/ML Researcher,KI/ML-Forscher/in,tech,15-2051.00,Conduct fundamental research in machine learning and AI.,Grundlagenforschung in Machine Learning und KI betreiben.,modern_enrichment_v1,MOD_AI_ML_Researcher
MOD_0157,AI/ML Researcher,KI/ML-Forscher/in,tech,15-2051.00,Design and run experiments to test new algorithms.,Experimente zur Erprobung neuer Algorithmen entwerfen und durchführen.,modern_enrichment_v1,MOD_AI_ML_Researcher
MOD_0158,AI/ML Researcher,KI/ML-Forscher/in,tech,15-2051.00,Publish research papers in peer-reviewed journals.,Forschungsarbeiten in begutachteten Fachzeitschriften veröffentlichen.,modern_enrichment_v1,MOD_AI_ML_Researcher
MOD_0159,AI/ML Researcher,KI/ML-Forscher/in,tech,15-2051.00,Develop novel model architectures and training methods.,Neue Modellarchitekturen und Trainingsmethoden entwickeln.,modern_enrichment_v1,MOD_AI_ML_Researcher
MOD_0160,AI/ML Researcher,KI/ML-Forscher/in,tech,15-2051.00,Analyze experimental results and draw scientific conclusions.,Experimentelle Ergebnisse analysieren und wissenschaftliche Schlüsse ziehen.,modern_enrichment_v1,MOD_AI_ML_Researcher
MOD_0161,AI/ML Researcher,KI/ML-Forscher/in,tech,15-2051.00,Collaborate with engineering teams on research-to-production transfer.,Mit Engineering-Teams am Transfer von Forschung zu Produktion zusammenarbeiten.,modern_enrichment_v1,MOD_AI_ML_Researcher
MOD_0162,AI/ML Researcher,KI/ML-Forscher/in,tech,15-2051.00,Review and synthesize current literature in the field.,Aktuelle Fachliteratur sichten und zusammenfassen.,modern_enrichment_v1,MOD_AI_ML_Researcher
MOD_0163,AI/ML Researcher,KI/ML-Forscher/in,tech,15-2051.00,Present research findings at conferences.,Forschungsergebnisse auf Konferenzen vorstellen.,modern_enrichment_v1,MOD_AI_ML_Researcher
MOD_0164,AI/ML Researcher,KI/ML-Forscher/in,tech,15-2051.00,Mentor junior researchers and graduate students.,Nachwuchsforschende und Doktoranden betreuen.,modern_enrichment_v1,MOD_AI_ML_Researcher
MOD_0165,AI/ML Researcher,KI/ML-Forscher/in,tech,15-2051.00,Identify research directions with business impact.,Forschungsrichtungen mit Geschäftspotenzial identifizieren.,modern_enrichment_v1,MOD_AI_ML_Researcher
MOD_0166,Prompt Engineer,Prompt-Ingenieur/in,tech,,Design and optimize prompts for large language models.,Prompts für große Sprachmodelle entwerfen und optimieren.,modern_enrichment_v1,MOD_Prompt_Engineer
MOD_0167,Prompt Engineer,Prompt-Ingenieur/in,tech,,"Evaluate model outputs for quality, accuracy, and safety.","Modellausgaben auf Qualität, Genauigkeit und Sicherheit prüfen.",modern_enrichment_v1,MOD_Prompt_Engineer
MOD_0168,Prompt Engineer,Prompt-Ingenieur/in,tech,,Build prompt templates and libraries for recurring use cases.,Prompt-Vorlagen und -Bibliotheken für wiederkehrende Anwendungsfälle aufbauen.,modern_enrichment_v1,MOD_Prompt_Engineer
MOD_0169,Prompt Engineer,Prompt-Ingenieur/in,tech,,Test prompt variations and measure performance differences.,Prompt-Varianten testen und Leistungsunterschiede messen.,modern_enrichment_v1,MOD_Prompt_Engineer
MOD_0170,Prompt Engineer,Prompt-Ingenieur/in,tech,,Document prompting strategies and best practices.,Prompting-Strategien und Best Practices dokumentieren.,modern_enrichment_v1,MOD_Prompt_Engineer
MOD_0171,Prompt Engineer,Prompt-Ingenieur/in,tech,,Collaborate with product teams on AI feature requirements.,Mit Produktteams an KI-Feature-Anforderungen zusammenarbeiten.,modern_enrichment_v1,MOD_Prompt_Engineer
MOD_0172,Prompt Engineer,Prompt-Ingenieur/in,tech,,Implement guardrails and output validation for AI systems.,Leitplanken und Ausgabevalidierung für KI-Systeme umsetzen.,modern_enrichment_v1,MOD_Prompt_Engineer
MOD_0173,Prompt Engineer,Prompt-Ingenieur/in,tech,,Analyze failure modes and edge cases in model responses.,Fehlermuster und Grenzfälle in Modellantworten analysieren.,modern_enrichment_v1,MOD_Prompt_Engineer
MOD_0174,Prompt Engineer,Prompt-Ingenieur/in,tech,,Stay current with new model capabilities and techniques.,Aktuelle Modellkapazitäten und Techniken verfolgen.,modern_enrichment_v1,MOD_Prompt_Engineer
MOD_0175,Prompt Engineer,Prompt-Ingenieur/in,tech,,Train non-technical teams on effective AI usage.,Nicht-technische Teams im effektiven KI-Einsatz schulen.,modern_enrichment_v1,MOD_Prompt_Engineer
MOD_0176,Customer Success Manager,Customer-Success-Manager/in,management,11-2022.00,Onboard new customers and ensure successful product adoption.,Neue Kunden einführen und erfolgreiche Produktnutzung sicherstellen.,modern_enrichment_v1,MOD_Customer_Success_Manager
MOD_0177,Customer Success Manager,Customer-Success-Manager/in,management,11-2022.00,Build and maintain long-term relationships with key accounts.,Langfristige Beziehungen zu Schlüsselkunden aufbauen und pflegen.,modern_enrichment_v1,MOD_Customer_Success_Manager
MOD_0178,Customer Success Manager,Customer-Success-Manager/in,management,11-2022.00,Monitor customer health scores and usage metrics.,Kundenzufriedenheitswerte und Nutzungsmetriken überwachen.,modern_enrichment_v1,MOD_Customer_Success_Manager
MOD_0179,Customer Success Manager,Customer-Success-Manager/in,management,11-2022.00,Identify upselling and cross-selling opportunities.,Upselling- und Cross-Selling-Möglichkeiten identifizieren.,modern_enrichment_v1,MOD_Customer_Success_Manager
MOD_0180,Customer Success Manager,Customer-Success-Manager/in,management,11-2022.00,Resolve customer issues and escalate when necessary.,Kundenprobleme lösen und bei Bedarf eskalieren.,modern_enrichment_v1,MOD_Customer_Success_Manager
MOD_0181,Customer Success Manager,Customer-Success-Manager/in,management,11-2022.00,Conduct regular check-ins and business reviews with customers.,Regelmäßige Check-ins und Geschäftsbewertungen mit Kunden durchführen.,modern_enrichment_v1,MOD_Customer_Success_Manager
MOD_0182,Customer Success Manager,Customer-Success-Manager/in,management,11-2022.00,Gather customer feedback and relay to product teams.,Kundenfeedback sammeln und an Produktteams weitergeben.,modern_enrichment_v1,MOD_Customer_Success_Manager
MOD_0183,Customer Success Manager,Customer-Success-Manager/in,management,11-2022.00,Develop customer training materials and documentation.,Kundenschulungsmaterialien und Dokumentation erstellen.,modern_enrichment_v1,MOD_Customer_Success_Manager
MOD_0184,Customer Success Manager,Customer-Success-Manager/in,management,11-2022.00,Track and reduce customer churn.,Kundenabwanderung verfolgen und reduzieren.,modern_enrichment_v1,MOD_Customer_Success_Manager
MOD_0185,Customer Success Manager,Customer-Success-Manager/in,management,11-2022.00,Collaborate with sales on renewal and expansion strategies.,Mit dem Vertrieb an Verlängerungs- und Ausbaustrategien zusammenarbeiten.,modern_enrichment_v1,MOD_Customer_Success_Manager
MOD_0186,Growth Manager,Growth-Manager/in,marketing,,Design and run growth experiments across marketing channels.,Wachstumsexperimente über Marketingkanäle hinweg entwerfen und durchführen.,modern_enrichment_v1,MOD_Growth_Manager
MOD_0187,Growth Manager,Growth-Manager/in,marketing,,Analyze user acquisition funnels and conversion metrics.,Nutzerakquise-Trichter und Conversion-Kennzahlen analysieren.,modern_enrichment_v1,MOD_Growth_Manager
MOD_0188,Growth Manager,Growth-Manager/in,marketing,,Optimize onboarding flows to improve user activation.,Onboarding-Abläufe zur Verbesserung der Nutzeraktivierung optimieren.,modern_enrichment_v1,MOD_Growth_Manager
MOD_0189,Growth Manager,Growth-Manager/in,marketing,,Develop referral and viral growth strategies.,Empfehlungs- und virale Wachstumsstrategien entwickeln.,modern_enrichment_v1,MOD_Growth_Manager
MOD_0190,Growth Manager,Growth-Manager/in,marketing,,"A/B test landing pages, emails, and ad creatives.","Landing Pages, E-Mails und Werbemittel per A/B-Test optimieren.",modern_enrichment_v1,MOD_Growth_Manager
MOD_0191,Growth Manager,Growth-Manager/in,marketing,,Manage paid advertising budgets across platforms.,Bezahlte Werbebudgets plattformübergreifend verwalten.,modern_enrichment_v1,MOD_Growth_Manager
MOD_0192,Growth Manager,Growth-Manager/in,marketing,,Build dashboards to track growth KPIs.,Dashboards zum Tracking der Wachstums-KPIs erstellen.,modern_enrichment_v1,MOD_Growth_Manager
MOD_0193,Growth Manager,Growth-Manager/in,marketing,,Collaborate with product and engineering on growth features.,Mit Produkt und Engineering an Wachstumsfunktionen zusammenarbeiten.,modern_enrichment_v1,MOD_Growth_Manager
MOD_0194,Growth Manager,Growth-Manager/in,marketing,,Identify and prioritize high-impact growth opportunities.,Wachstumschancen mit hohem Potenzial identifizieren und priorisieren.,modern_enrichment_v1,MOD_Growth_Manager
MOD_0195,Growth Manager,Growth-Manager/in,marketing,,Analyze cohort retention and engagement data.,Kohortenretention und Engagement-Daten analysieren.,modern_enrichment_v1,MOD_Growth_Manager
MOD_0196,People Operations Manager,People-Operations-Manager/in,management,11-3121.00,Design and improve employee onboarding processes.,Onboarding-Prozesse für Mitarbeiter gestalten und verbessern.,modern_enrichment_v1,MOD_People_Operations_Manager
MOD_0197,People Operations Manager,People-Operations-Manager/in,management,11-3121.00,Manage performance review cycles and feedback systems.,Performance-Review-Zyklen und Feedbacksysteme verwalten.,modern_enrichment_v1,MOD_People_Operations_Manager
MOD_0198,People Operations Manager,People-Operations-Manager/in,management,11-3121.00,Develop compensation and benefits programs.,Vergütungs- und Benefits-Programme entwickeln.,modern_enrichment_v1,MOD_People_Operations_Manager
MOD_0199,People Operations Manager,People-Operations-Manager/in,management,11-3121.00,Handle employee relations issues and conflict resolution.,Mitarbeiterbeziehungen und Konflikte bearbeiten.,modern_enrichment_v1,MOD_People_Operations_Manager
MOD_0200,People Operations Manager,People-Operations-Manager/in,management,11-3121.00,Ensure compliance with labor laws and employment regulations.,Die Einhaltung arbeitsrechtlicher Vorschriften sicherstellen.,modern_enrichment_v1,MOD_People_Operations_Manager
MOD_0201,People Operations Manager,People-Operations-Manager/in,management,11-3121.00,Analyze HR data and workforce metrics.,HR-Daten und Personalkennzahlen analysieren.,modern_enrichment_v1,MOD_People_Operations_Manager
MOD_0202,People Operations Manager,People-Operations-Manager/in,management,11-3121.00,Manage HR information systems and employee records.,HR-Informationssysteme und Mitarbeiterakten verwalten.,modern_enrichment_v1,MOD_People_Operations_Manager
MOD_0203,People Operations Manager,People-Operations-Manager/in,management,11-3121.00,Coordinate training and professional development programs.,Weiterbildungs- und Entwicklungsprogramme koordinieren.,modern_enrichment_v1,MOD_People_Operations_Manager
MOD_0204,People Operations Manager,People-Operations-Manager/in,management,11-3121.00,"Support diversity, equity, and inclusion initiatives.","Diversitäts-, Gleichstellungs- und Inklusionsinitiativen unterstützen.",modern_enrichment_v1,MOD_People_Operations_Manager
MOD_0205,People Operations Manager,People-Operations-Manager/in,management,11-3121.00,Manage offboarding processes and exit interviews.,Offboarding-Prozesse und Austrittsinterviews durchführen.,modern_enrichment_v1,MOD_People_Operations_Manager
MOD_0206,Sustainability Manager,Nachhaltigkeitsmanager/in,management,11-9199.00,Develop and implement the company's sustainability strategy.,Die Nachhaltigkeitsstrategie des Unternehmens entwickeln und umsetzen.,modern_enrichment_v1,MOD_Sustainability_Manager
MOD_0207,Sustainability Manager,Nachhaltigkeitsmanager/in,management,11-9199.00,Measure and report on environmental impact metrics.,Umweltwirkungskennzahlen messen und berichten.,modern_enrichment_v1,MOD_Sustainability_Manager
MOD_0208,Sustainability Manager,Nachhaltigkeitsmanager/in,management,11-9199.00,Ensure compliance with environmental regulations.,Die Einhaltung von Umweltvorschriften sicherstellen.,modern_enrichment_v1,MOD_Sustainability_Manager
MOD_0209,Sustainability Manager,Nachhaltigkeitsmanager/in,management,11-9199.00,Coordinate sustainability initiatives across departments.,Nachhaltigkeitsinitiativen abteilungsübergreifend koordinieren.,modern_enrichment_v1,MOD_Sustainability_Manager
MOD_0210,Sustainability Manager,Nachhaltigkeitsmanager/in,management,11-9199.00,Prepare ESG reports for investors and regulatory bodies.,ESG-Berichte für Investoren und Aufsichtsbehörden erstellen.,modern_enrichment_v1,MOD_Sustainability_Manager
MOD_0211,Sustainability Manager,Nachhaltigkeitsmanager/in,management,11-9199.00,Identify opportunities to reduce carbon emissions and waste.,Möglichkeiten zur Reduktion von CO₂-Emissionen und Abfall identifizieren.,modern_enrichment_v1,MOD_Sustainability_Manager
MOD_0212,Sustainability Manager,Nachhaltigkeitsmanager/in,management,11-9199.00,Manage sustainability certifications and audits.,Nachhaltigkeitszertifizierungen und Audits verwalten.,modern_enrichment_v1,MOD_Sustainability_Manager
MOD_0213,Sustainability Manager,Nachhaltigkeitsmanager/in,management,11-9199.00,Train employees on sustainability practices.,Mitarbeiter in Nachhaltigkeitspraktiken schulen.,modern_enrichment_v1,MOD_Sustainability_Manager
MOD_0214,Sustainability Manager,Nachhaltigkeitsmanager/in,management,11-9199.00,Benchmark performance against industry sustainability standards.,Leistung an Branchenstandards für Nachhaltigkeit messen.,modern_enrichment_v1,MOD_Sustainability_Manager
MOD_0215,Sustainability Manager,Nachhaltigkeitsmanager/in,management,11-9199.00,Engage with external stakeholders on sustainability topics.,Mit externen Stakeholdern zu Nachhaltigkeitsthemen in Kontakt treten.,modern_enrichment_v1,MOD_Sustainability_Manager
MOD_0216,Solutions Architect,Lösungsarchitekt/in,tech,15-1299.09,Design technical solutions that meet client business requirements.,Technische Lösungen entsprechend der Kundenanforderungen entwerfen.,modern_enrichment_v1,MOD_Solutions_Architect
MOD_0217,Solutions Architect,Lösungsarchitekt/in,tech,15-1299.09,Evaluate and recommend technology platforms and architectures.,Technologieplattformen und Architekturen bewerten und empfehlen.,modern_enrichment_v1,MOD_Solutions_Architect
MOD_0218,Solutions Architect,Lösungsarchitekt/in,tech,15-1299.09,Create system architecture diagrams and documentation.,Systemarchitekturdiagramme und Dokumentation erstellen.,modern_enrichment_v1,MOD_Solutions_Architect
MOD_0219,Solutions Architect,Lösungsarchitekt/in,tech,15-1299.09,Present technical proposals to clients and stakeholders.,Technische Vorschläge Kunden und Stakeholdern präsentieren.,modern_enrichment_v1,MOD_Solutions_Architect
MOD_0220,Solutions Architect,Lösungsarchitekt/in,tech,15-1299.09,Collaborate with development teams on implementation approach.,Mit Entwicklungsteams am Umsetzungsansatz zusammenarbeiten.,modern_enrichment_v1,MOD_Solutions_Architect
MOD_0221,Solutions Architect,Lösungsarchitekt/in,tech,15-1299.09,Assess technical risks and develop mitigation strategies.,Technische Risiken bewerten und Gegenmaßnahmen entwickeln.,modern_enrichment_v1,MOD_Solutions_Architect
MOD_0222,Solutions Architect,Lösungsarchitekt/in,tech,15-1299.09,Define integration patterns between systems and services.,Integrationsmuster zwischen Systemen und Diensten definieren.,modern_enrichment_v1,MOD_Solutions_Architect
MOD_0223,Solutions Architect,Lösungsarchitekt/in,tech,15-1299.09,Conduct proof-of-concept builds for new technologies.,Proof-of-Concept-Prototypen für neue Technologien erstellen.,modern_enrichment_v1,MOD_Solutions_Architect
MOD_0224,Solutions Architect,Lösungsarchitekt/in,tech,15-1299.09,Support pre-sales activities with technical expertise.,Presales-Aktivitäten mit technischem Fachwissen unterstützen.,modern_enrichment_v1,MOD_Solutions_Architect
MOD_0225,Solutions Architect,Lösungsarchitekt/in,tech,15-1299.09,"Ensure solutions meet security, scalability, and performance needs.","Sicherstellen, dass Lösungen Sicherheits-, Skalierbarkeits- und Leistungsanforderungen erfüllen.",modern_enrichment_v1,MOD_Solutions_Architect
MOD_0226,Community Manager,Community-Manager/in,marketing,,Build and engage online communities around the brand.,Online-Communities rund um die Marke aufbauen und aktivieren.,modern_enrichment_v1,MOD_Community_Manager
MOD_0227,Community Manager,Community-Manager/in,marketing,,Moderate user discussions and enforce community guidelines.,Nutzerdiskussionen moderieren und Community-Richtlinien durchsetzen.,modern_enrichment_v1,MOD_Community_Manager
MOD_0228,Community Manager,Community-Manager/in,marketing,,Create and schedule community content and events.,Community-Inhalte und -Veranstaltungen erstellen und planen.,modern_enrichment_v1,MOD_Community_Manager
MOD_0229,Community Manager,Community-Manager/in,marketing,,"Respond to community questions, feedback, and complaints.","Auf Fragen, Feedback und Beschwerden der Community reagieren.",modern_enrichment_v1,MOD_Community_Manager
MOD_0230,Community Manager,Community-Manager/in,marketing,,Analyze community engagement metrics and growth trends.,Community-Engagement-Kennzahlen und Wachstumstrends analysieren.,modern_enrichment_v1,MOD_Community_Manager
MOD_0231,Community Manager,Community-Manager/in,marketing,,Organize online and offline community events.,Online- und Offline-Community-Events organisieren.,modern_enrichment_v1,MOD_Community_Manager
MOD_0232,Community Manager,Community-Manager/in,marketing,,Identify and nurture community advocates.,Community-Botschafter identifizieren und fördern.,modern_enrichment_v1,MOD_Community_Manager
MOD_0233,Community Manager,Community-Manager/in,marketing,,Collaborate with marketing on user-generated content campaigns.,Mit dem Marketing an User-Generated-Content-Kampagnen zusammenarbeiten.,modern_enrichment_v1,MOD_Community_Manager
MOD_0234,Community Manager,Community-Manager/in,marketing,,Report community insights and sentiment to product teams.,Community-Erkenntnisse und Stimmung an Produktteams weitergeben.,modern_enrichment_v1,MOD_Community_Manager
MOD_0235,Community Manager,Community-Manager/in,marketing,,Develop community programs to increase retention.,Community-Programme zur Steigerung der Bindung entwickeln.,modern_enrichment_v1,MOD_Community_Manager
MOD_0236,Cybersecurity Analyst,Cybersicherheitsanalyst/in,tech,15-1212.00,Monitor security systems and alerts for potential threats.,Sicherheitssysteme und Warnmeldungen auf potenzielle Bedrohungen überwachen.,modern_enrichment_v1,MOD_Cybersecurity_Analyst
MOD_0237,Cybersecurity Analyst,Cybersicherheitsanalyst/in,tech,15-1212.00,Investigate and respond to security incidents and breaches.,Sicherheitsvorfälle und Datenverletzungen untersuchen und darauf reagieren.,modern_enrichment_v1,MOD_Cybersecurity_Analyst
MOD_0238,Cybersecurity Analyst,Cybersicherheitsanalyst/in,tech,15-1212.00,Conduct vulnerability assessments and penetration testing.,Schwachstellenanalysen und Penetrationstests durchführen.,modern_enrichment_v1,MOD_Cybersecurity_Analyst
MOD_0239,Cybersecurity Analyst,Cybersicherheitsanalyst/in,tech,15-1212.00,Implement and maintain security tools and configurations.,Sicherheitstools und -konfigurationen implementieren und pflegen.,modern_enrichment_v1,MOD_Cybersecurity_Analyst
MOD_0240,Cybersecurity Analyst,Cybersicherheitsanalyst/in,tech,15-1212.00,Analyze security logs and network traffic for anomalies.,Sicherheitsprotokolle und Netzwerkverkehr auf Anomalien analysieren.,modern_enrichment_v1,MOD_Cybersecurity_Analyst
MOD_0241,Cybersecurity Analyst,Cybersicherheitsanalyst/in,tech,15-1212.00,Develop and update incident response procedures.,Incident-Response-Verfahren entwickeln und aktualisieren.,modern_enrichment_v1,MOD_Cybersecurity_Analyst
MOD_0242,Cybersecurity Analyst,Cybersicherheitsanalyst/in,tech,15-1212.00,Ensure compliance with security frameworks and regulations.,Die Einhaltung von Sicherheitsframeworks und Vorschriften sicherstellen.,modern_enrichment_v1,MOD_Cybersecurity_Analyst
MOD_0243,Cybersecurity Analyst,Cybersicherheitsanalyst/in,tech,15-1212.00,Conduct security awareness training for employees.,Sicherheitsschulungen für Mitarbeiter durchführen.,modern_enrichment_v1,MOD_Cybersecurity_Analyst
MOD_0244,Cybersecurity Analyst,Cybersicherheitsanalyst/in,tech,15-1212.00,Assess and document security risks and recommendations.,Sicherheitsrisiken bewerten und Empfehlungen dokumentieren.,modern_enrichment_v1,MOD_Cybersecurity_Analyst
MOD_0245,Cybersecurity Analyst,Cybersicherheitsanalyst/in,tech,15-1212.00,Collaborate with IT teams on security hardening.,Mit IT-Teams an der Sicherheitshärtung zusammenarbeiten.,modern_enrichment_v1,MOD_Cybersecurity_Analyst
MOD_0246,Influencer Marketing Manager,Influencer-Marketing-Manager/in,marketing,,Identify and recruit relevant influencers for brand campaigns.,Relevante Influencer für Markenkampagnen identifizieren und gewinnen.,modern_enrichment_v1,MOD_Influencer_Marketing_Manager
MOD_0247,Influencer Marketing Manager,Influencer-Marketing-Manager/in,marketing,,Negotiate contracts and compensation with influencers.,Verträge und Vergütungen mit Influencern verhandeln.,modern_enrichment_v1,MOD_Influencer_Marketing_Manager
MOD_0248,Influencer Marketing Manager,Influencer-Marketing-Manager/in,marketing,,Develop campaign briefs and creative guidelines.,Kampagnen-Briefings und Kreativrichtlinien entwickeln.,modern_enrichment_v1,MOD_Influencer_Marketing_Manager
MOD_0249,Influencer Marketing Manager,Influencer-Marketing-Manager/in,marketing,,Coordinate content creation and approval processes.,Content-Erstellung und Freigabeprozesse koordinieren.,modern_enrichment_v1,MOD_Influencer_Marketing_Manager
MOD_0250,Influencer Marketing Manager,Influencer-Marketing-Manager/in,marketing,,Track campaign performance and influencer metrics.,Kampagnenleistung und Influencer-Kennzahlen verfolgen.,modern_enrichment_v1,MOD_Influencer_Marketing_Manager
MOD_0251,Influencer Marketing Manager,Influencer-Marketing-Manager/in,marketing,,Manage influencer relationships and long-term partnerships.,Influencer-Beziehungen und langfristige Partnerschaften pflegen.,modern_enrichment_v1,MOD_Influencer_Marketing_Manager
MOD_0252,Influencer Marketing Manager,Influencer-Marketing-Manager/in,marketing,,Analyze ROI and effectiveness of influencer campaigns.,ROI und Wirksamkeit von Influencer-Kampagnen analysieren.,modern_enrichment_v1,MOD_Influencer_Marketing_Manager
MOD_0253,Influencer Marketing Manager,Influencer-Marketing-Manager/in,marketing,,Ensure compliance with advertising disclosure regulations.,Die Einhaltung von Werbekennzeichnungspflichten sicherstellen.,modern_enrichment_v1,MOD_Influencer_Marketing_Manager
MOD_0254,Influencer Marketing Manager,Influencer-Marketing-Manager/in,marketing,,Stay current with social media trends and platform changes.,Aktuelle Social-Media-Trends und Plattformänderungen verfolgen.,modern_enrichment_v1,MOD_Influencer_Marketing_Manager
MOD_0255,Influencer Marketing Manager,Influencer-Marketing-Manager/in,marketing,,Report campaign results and insights to stakeholders.,Kampagnenergebnisse und Erkenntnisse an Stakeholder berichten.,modern_enrichment_v1,MOD_Influencer_Marketing_Manager
